asin,game_tags
B0BT1YGLC6,cardgame
B0BT1YGLC6,party
B0BT1YGLC6,strategic
B0CD9NSPMS,board
B0CD9NSPMS,cardgame
B0CD9NSPMS,rpg
B0CCSRRQRC,cardgame
B0CCSRRQRC,kid-friendly
B0CCSRRQRC,strategic
B0CS3YWV2K,board
B0CS3YWV2K,cardgame
B0CS3YWV2K,strategic
B0CKX7RC7N,board
B0CKX7RC7N,cardgame
B0CKX7RC7N,party
B0CNGG458P,board
B0CNGG458P,cardgame
B0CNGG458P,strategic
B0DB7T2FM6,cardgame
B0DB7T2FM6,kid-friendly
B0DB7T2FM6,strategic
B0BFP4VZCP,cardgame
B0BFP4VZCP,party
B0BFP4VZCP,strategic
B0CNRGJD21,cardgame
B0CNRGJD21,miniatures
B0CNRGJD21,party
B0C399F165,cardgame
B0C399F165,cute
B0C399F165,strategic
B0CK82GRCL,cardgame
B0CK82GRCL,humor
B0CK82GRCL,party
B09Q5FJXXM,cardgame
B09Q5FJXXM,creative
B09Q5FJXXM,kid-friendly
B0D8G7D8KJ,cardgame
B0D8G7D8KJ,humor
B0D8G7D8KJ,party
B08F65MX4L,board
B08F65MX4L,cardgame
B08F65MX4L,kid-friendly
B014DMSTXK,board
B014DMSTXK,cardgame
B014DMSTXK,strategic
B014DMSTXK,board
B014DMSTXK,cardgame
B014DMSTXK,strategic
B01K9MNAOG,cardgame
B01K9MNAOG,expansion
B01K9MNAOG,strategic
B0DDTRQGJ4,board
B0DDTRQGJ4,cardgame
B0DDTRQGJ4,strategic
B0DK7Z3N3G,cardgame
B0DK7Z3N3G,kid-friendly
B0DK7Z3N3G,strategic
B07WP68TKJ,cardgame
B07WP68TKJ,party
B07WP68TKJ,rpg
B0CZZY2263,cardgame
B0CZZY2263,humor
B0CZZY2263,party
B0C364BBHF,cardgame
B0C364BBHF,kid-friendly
B0C364BBHF,strategic
B091NF93TX,board
B091NF93TX,cardgame
B091NF93TX,strategic
B093H8RGXX,cardgame
B093H8RGXX,kid-friendly
B093H8RGXX,strategic
B0D68DPZKZ,kid-friendly
B0D68DPZKZ,party
B0D68DPZKZ,strategic
B07JZFN8WS,cardgame
B07JZFN8WS,humor
B07JZFN8WS,party
B0B124J1JG,cardgame
B0B124J1JG,kid-friendly
B0B124J1JG,strategic
B08HWHWLKR,cardgame
B08HWHWLKR,miniatures
B08HWHWLKR,strategic
B08BTNHSDZ,cardgame
B08BTNHSDZ,kid-friendly
B08BTNHSDZ,strategic
B0CNBHHFWC,cardgame
B0CNBHHFWC,horror
B0CNBHHFWC,rpg
B07G3Y95R9,board
B07G3Y95R9,horror
B07G3Y95R9,rpg
B0DHFL53C9,board
B0DHFL53C9,cardgame
B0DHFL53C9,strategic
B01NBIJZAN,board
B01NBIJZAN,cardgame
B01NBIJZAN,rpg
B01NBIJZAN,board
B01NBIJZAN,cardgame
B01NBIJZAN,rpg
B0DS4ZLCRJ,cardgame
B0DS4ZLCRJ,humor
B0DS4ZLCRJ,party
B0D1BWT97Z,cardgame
B0D1BWT97Z,humor
B0D1BWT97Z,party
B0CRKV4QS6,cardgame
B0CRKV4QS6,humor
B0CRKV4QS6,party
B0BJ6ZS6RK,cardgame
B0BJ6ZS6RK,humor
B0BJ6ZS6RK,party
B0D1BNSQQ1,cardgame
B0D1BNSQQ1,humor
B0D1BNSQQ1,party
B0CS7G51Y1,board
B0CS7G51Y1,miniatures
B0CS7G51Y1,rpg
B0CS7B7BQ1,board
B0CS7B7BQ1,cardgame
B0CS7B7BQ1,rpg
B0D8LWTDHZ,board
B0D8LWTDHZ,cardgame
B0D8LWTDHZ,strategic
B07XKSQ7VX,cardgame
B07XKSQ7VX,rpg
B07XKSQ7VX,strategic
B0CGMQY8NK,board
B0CGMQY8NK,cardgame
B0CGMQY8NK,strategic
B07VCTYNJT,cardgame
B07VCTYNJT,party
B07VCTYNJT,strategic
B09SV9S8QH,board
B09SV9S8QH,cardgame
B09SV9S8QH,rpg
B06XGQ6L8C,cardgame
B06XGQ6L8C,party
B06XGQ6L8C,strategic
B07ZWX2PMH,cardgame
B07ZWX2PMH,humor
B07ZWX2PMH,party
B0CB3VVBLJ,board
B0CB3VVBLJ,cardgame
B0CB3VVBLJ,strategic
B0DT7J5N9F,cardgame
B0DT7J5N9F,party
B0DT7J5N9F,strategic
B0C3DNH1TJ,board
B0C3DNH1TJ,cardgame
B0C3DNH1TJ,kid-friendly
B0CRXJ2JYJ,cardgame
B0CRXJ2JYJ,humor
B0CRXJ2JYJ,party
B0D9HM75PP,cardgame
B0D9HM75PP,humor
B0D9HM75PP,party
B093HBBMPT,cardgame
B093HBBMPT,humor
B093HBBMPT,strategic
B075SCTTBM,cardgame
B075SCTTBM,humor
B075SCTTBM,party
B09S6W3LNN,cardgame
B09S6W3LNN,humor
B09S6W3LNN,party
B07MV4NN5Z,cardgame
B07MV4NN5Z,kid-friendly
B07MV4NN5Z,strategic
B091MGZ3QW,board
B091MGZ3QW,cardgame
B091MGZ3QW,kid-friendly
B07G2VHPRW,cardgame
B07G2VHPRW,kid-friendly
B07G2VHPRW,party
B0CWVTVLT7,board
B0CWVTVLT7,cardgame
B0CWVTVLT7,kid-friendly
B01N3A4070,cardgame
B01N3A4070,kid-friendly
B01N3A4070,tile-placement
B0BQNTFL5S,board
B0BQNTFL5S,kid-friendly
B0BQNTFL5S,strategic
B07YZD1GQH,cardgame
B07YZD1GQH,party
B07YZD1GQH,strategic
B077MZ2MPW,board
B077MZ2MPW,cute
B077MZ2MPW,strategic
B09W1KJJ3H,cardgame
B09W1KJJ3H,humor
B09W1KJJ3H,party
B01ALHAIWG,board
B01ALHAIWG,cardgame
B01ALHAIWG,strategic
B0CBSFPBK8,cardgame
B0CBSFPBK8,party
B0CBSFPBK8,strategic
B01N6PS4L0,board
B01N6PS4L0,dice
B01N6PS4L0,kid-friendly
B0CMBTF896,cardgame
B0CMBTF896,kid-friendly
B0CMBTF896,strategic
B0CDL1MGJL,cardgame
B0CDL1MGJL,rpg
B0CDL1MGJL,strategic
B0BWFM1NSB,cardgame
B0BWFM1NSB,rpg
B0BWFM1NSB,strategic
B0DWSR4Y9X,cardgame
B0DWSR4Y9X,kid-friendly
B0DWSR4Y9X,strategic
B07JN6XY6Z,board
B07JN6XY6Z,cardgame
B07JN6XY6Z,strategic
B084LLQ6DF,board
B084LLQ6DF,cardgame
B084LLQ6DF,rpg
B08HZD5XMM,cardgame
B08HZD5XMM,kid-friendly
B08HZD5XMM,strategic
B0DG3MFM3P,board
B0DG3MFM3P,cardgame
B0DG3MFM3P,strategic
B09C18N2G2,cardgame
B09C18N2G2,combinatorial
B09C18N2G2,kid-friendly
B0D5DMKTVC,board
B0D5DMKTVC,cardgame
B0D5DMKTVC,rpg
B0DB6C3QPV,board
B0DB6C3QPV,cardgame
B0DB6C3QPV,strategic
B0DSPRQYG7,cardgame
B0DSPRQYG7,humor
B0DSPRQYG7,party
B002SQBB3O,cardgame
B002SQBB3O,humor
B002SQBB3O,party
B09KWZMXLX,cute
B09KWZMXLX,kid-friendly
B09KWZMXLX,racing
B0BX12XH78,board
B0BX12XH78,cardgame
B0BX12XH78,strategic
B00MC5X94A,board
B00MC5X94A,cardgame
B00MC5X94A,kid-friendly
B00NX627HW,cardgame
B00NX627HW,strategic
B00NX627HW,tile-placement
B09YD5X8HT,cardgame
B09YD5X8HT,strategic
B09YD5X8HT,tile-placement
B0DFHCB9TG,cardgame
B0DFHCB9TG,kid-friendly
B0DFHCB9TG,strategic
B004S8F7QM,cardgame
B004S8F7QM,party
B004S8F7QM,strategic
B00003G4JR,cardgame
B00003G4JR,humor
B00003G4JR,party
B07PDNNLGR,board
B07PDNNLGR,cardgame
B07PDNNLGR,strategic
B09FN8GSVJ,cardgame
B09FN8GSVJ,kid-friendly
B09FN8GSVJ,strategic
B0B9CLB8CS,board
B0B9CLB8CS,cardgame
B0B9CLB8CS,strategic
B0B3LGW2KH,board
B0B3LGW2KH,rpg
B0B3LGW2KH,strategic
B00NP7E05G,board
B00NP7E05G,cardgame
B00NP7E05G,strategic
B00NP7E05G,board
B00NP7E05G,cardgame
B00NP7E05G,strategic
B0D3M4L9Y1,board
B0D3M4L9Y1,cardgame
B0D3M4L9Y1,strategic
B00U26V4VQ,board
B00U26V4VQ,strategic
B00U26V4VQ,tile-placement
B00U26V4VQ,board
B00U26V4VQ,strategic
B00U26V4VQ,tile-placement
B00U26V9CU,board
B00U26V9CU,expansion
B00U26V9CU,strategic
B007N0KZ64,board
B007N0KZ64,expansion
B007N0KZ64,strategic
B00U26V4S4,board
B00U26V4S4,expansion
B00U26V4S4,strategic
B00U26V5A6,cardgame
B00U26V5A6,expansion
B00U26V5A6,strategic
B0C9R3XWQX,cardgame
B0C9R3XWQX,kid-friendly
B0C9R3XWQX,strategic
B071DXCT5L,board
B071DXCT5L,cardgame
B071DXCT5L,strategic
B08F4CN92Z,board
B08F4CN92Z,cardgame
B08F4CN92Z,strategic
B088QSDB7S,board
B088QSDB7S,cardgame
B088QSDB7S,strategic
B014Q1XX9S,cardgame
B014Q1XX9S,humor
B014Q1XX9S,party
B0D763WZS4,cardgame
B0D763WZS4,kid-friendly
B0D763WZS4,strategic
B0BC39XXTC,board
B0BC39XXTC,cardgame
B0BC39XXTC,strategic
1568824637,board
1568824637,cardgame
1568824637,strategic
B09DQ3RTJ7,cardgame
B09DQ3RTJ7,humor
B09DQ3RTJ7,party
B08WRN3124,cardgame
B08WRN3124,party
B08WRN3124,strategic
B0BZJMGWZV,cardgame
B0BZJMGWZV,sci-fi
B0BZJMGWZV,strategic
B0CMJX7ZQZ,cardgame
B0CMJX7ZQZ,sci-fi
B0CMJX7ZQZ,strategic
B0CMJWS46D,cardgame
B0CMJWS46D,party
B0CMJWS46D,strategic
B07CN6XBKJ,cardgame
B07CN6XBKJ,kid-friendly
B07CN6XBKJ,strategic
B007MHIYFM,cardgame
B007MHIYFM,kid-friendly
B007MHIYFM,strategic
B0C3KF8HK8,board
B0C3KF8HK8,cardgame
B0C3KF8HK8,kid-friendly
B0CBL6GSL7,cardgame
B0CBL6GSL7,kid-friendly
B0CBL6GSL7,strategic
B0BZL5LZ57,cardgame
B0BZL5LZ57,party
B0BZL5LZ57,strategic
B09CDSJMP5,cardgame
B09CDSJMP5,party
B09CDSJMP5,strategic
B074YN5CKM,board
B074YN5CKM,cardgame
B074YN5CKM,strategic
B09D4QRJ8Y,board
B09D4QRJ8Y,kid-friendly
B09D4QRJ8Y,strategic
B09D4QRJ8Y,board
B09D4QRJ8Y,kid-friendly
B09D4QRJ8Y,strategic
B00V82MG2O,board
B00V82MG2O,cardgame
B00V82MG2O,kid-friendly
B00JR3HUEU,board
B00JR3HUEU,kid-friendly
B00JR3HUEU,strategic
B01ECIKH8A,board
B01ECIKH8A,cardgame
B01ECIKH8A,strategic
B00B28GVLG,dice
B00B28GVLG,kid-friendly
B00B28GVLG,strategic
B0BDHR1TXT,board
B0BDHR1TXT,cardgame
B0BDHR1TXT,strategic
B0CS79L2YH,board
B0CS79L2YH,cardgame
B0CS79L2YH,kid-friendly
B0C18X7L4W,board
B0C18X7L4W,cardgame
B0C18X7L4W,miniatures
B084BYTQ57,board
B084BYTQ57,cardgame
B084BYTQ57,strategic
B0BP2H9WDH,board
B0BP2H9WDH,cardgame
B0BP2H9WDH,strategic
B07T446163,cardgame
B07T446163,humor
B07T446163,party
B0D9HRZNCR,cardgame
B0D9HRZNCR,humor
B0D9HRZNCR,party
B072J234ZF,board
B072J234ZF,cardgame
B072J234ZF,party
B0CP9ZMD5P,board
B0CP9ZMD5P,cardgame
B0CP9ZMD5P,strategic
B0CJGWSLT7,board
B0CJGWSLT7,kid-friendly
B0CJGWSLT7,strategic
1589944968,board
1589944968,cardgame
1589944968,strategic
B00GDI4HX4,board
B00GDI4HX4,cardgame
B00GDI4HX4,strategic
B075VFBV76,board
B075VFBV76,cardgame
B075VFBV76,strategic
1913569977,board
1913569977,cardgame
1913569977,strategic
1913569705,board
1913569705,cardgame
1913569705,strategic
B0DXTTJG5X,cardgame
B0DXTTJG5X,humor
B0DXTTJG5X,party
1950568547,cardgame
1950568547,miniatures
1950568547,rpg
B0CDGMQMRT,cardgame
B0CDGMQMRT,party
B0CDGMQMRT,strategic
B0D9JR5MF5,cardgame
B0D9JR5MF5,cute
B0D9JR5MF5,strategic
B0BDKL9BXJ,cardgame
B0BDKL9BXJ,kid-friendly
B0BDKL9BXJ,strategic
786966831,board
786966831,cardgame
786966831,rpg
B00BCP08NQ,board
B00BCP08NQ,cardgame
B00BCP08NQ,strategic
B0C8BVQXYB,cardgame
B0C8BVQXYB,humor
B0C8BVQXYB,party
B0BHZWQFDP,board
B0BHZWQFDP,cardgame
B0BHZWQFDP,strategic
B0CPLC64H6,cardgame
B0CPLC64H6,miniatures
B0CPLC64H6,rpg
B078KYR97B,board
B078KYR97B,cardgame
B078KYR97B,strategic
B0BYPCJ43G,board
B0BYPCJ43G,miniatures
B0BYPCJ43G,strategic
B0CC8BCS93,board
B0CC8BCS93,cardgame
B0CC8BCS93,kid-friendly
B0B6P5BDGF,board
B0B6P5BDGF,cardgame
B0B6P5BDGF,kid-friendly
B0CWQKBG6P,cardgame
B0CWQKBG6P,humor
B0CWQKBG6P,party
B0C9QFN2MQ,cardgame
B0C9QFN2MQ,kid-friendly
B0C9QFN2MQ,strategic
B0CYGJV8V8,cardgame
B0CYGJV8V8,humor
B0CYGJV8V8,party
B07TWTM34P,board
B07TWTM34P,cardgame
B07TWTM34P,rpg
B07PV9ZKG3,cardgame
B07PV9ZKG3,humor
B07PV9ZKG3,party
B087CBJ465,cardgame
B087CBJ465,party
B087CBJ465,strategic
B0B8L1CGDR,cardgame
B0B8L1CGDR,kid-friendly
B0B8L1CGDR,strategic
B078XNZL4X,board
B078XNZL4X,cardgame
B078XNZL4X,strategic
B0CKS1MNC3,cardgame
B0CKS1MNC3,humor
B0CKS1MNC3,party
B0DNMN6VXJ,cardgame
B0DNMN6VXJ,kid-friendly
B0DNMN6VXJ,strategic
B0CS7DRQXJ,board
B0CS7DRQXJ,cardgame
B0CS7DRQXJ,party
B0CJMQBDXP,cardgame
B0CJMQBDXP,kid-friendly
B0CJMQBDXP,strategic
B086TYV3VD,cardgame
B086TYV3VD,party
B086TYV3VD,strategic
B0BQ5PFMF3,cardgame
B0BQ5PFMF3,kid-friendly
B0BQ5PFMF3,party
B0CRHYGTXY,cardgame
B0CRHYGTXY,party
B0CRHYGTXY,strategic
B0DT9PV8PL,board
B0DT9PV8PL,strategic
B0DT9PV8PL,tile-placement
B0DT9PV8PL,board
B0DT9PV8PL,strategic
B0DT9PV8PL,tile-placement
1733376607,cardgame
1733376607,humor
1733376607,party
B083YL5VCY,board
B083YL5VCY,kid-friendly
B083YL5VCY,rpg
B09V84NV18,board
B09V84NV18,miniatures
B09V84NV18,rpg
B07GW2195F,cardgame
B07GW2195F,rpg
B07GW2195F,strategic
B07MQRF528,cardgame
B07MQRF528,rpg
B07MQRF528,strategic
B09V84JC4Q,miniatures
B09V84JC4Q,rpg
B09V84JC4Q,strategic
B0BQJZD3W8,board
B0BQJZD3W8,rpg
B0BQJZD3W8,strategic
B000BBU0KS,board
B000BBU0KS,cardgame
B000BBU0KS,strategic
B0CWS8TPJP,board
B0CWS8TPJP,rpg
B0CWS8TPJP,strategic
B09H19BLPZ,cardgame
B09H19BLPZ,kid-friendly
B09H19BLPZ,strategic
B00486ZVC4,board
B00486ZVC4,kid-friendly
B00486ZVC4,strategic
B0CJWWTQYL,cardgame
B0CJWWTQYL,party
B0CJWWTQYL,strategic
B08RSRDV2V,cardgame
B08RSRDV2V,party
B08RSRDV2V,strategic
B0B8JKYSC3,board
B0B8JKYSC3,cardgame
B0B8JKYSC3,strategic
B08RV8819X,cardgame
B08RV8819X,kid-friendly
B08RV8819X,strategic
B0BKN3XDRJ,cardgame
B0BKN3XDRJ,party
B0BKN3XDRJ,strategic
B0D1KCDJ55,board
B0D1KCDJ55,cardgame
B0D1KCDJ55,strategic
B07WWJMQFW,cardgame
B07WWJMQFW,humor
B07WWJMQFW,party
B09ZWQTTNR,cardgame
B09ZWQTTNR,humor
B09ZWQTTNR,party
1613172087,board
1613172087,cardgame
1613172087,strategic
B0D2JG7873,cardgame
B0D2JG7873,kid-friendly
B0D2JG7873,strategic
B09XDYXDWR,board
B09XDYXDWR,cardgame
B09XDYXDWR,strategic
B010TQY7A8,cardgame
B010TQY7A8,kid-friendly
B010TQY7A8,strategic
B089DTQDLR,cardgame
B089DTQDLR,kid-friendly
B089DTQDLR,strategic
B0BP2QXCYR,board
B0BP2QXCYR,cardgame
B0BP2QXCYR,strategic
B07TS96J7Q,cardgame
B07TS96J7Q,kid-friendly
B07TS96J7Q,strategic
B09C8Z3HRK,board
B09C8Z3HRK,cardgame
B09C8Z3HRK,strategic
B0BLT6F5VY,cardgame
B0BLT6F5VY,kid-friendly
B0BLT6F5VY,strategic
B0D4C1S1Q3,board
B0D4C1S1Q3,cardgame
B0D4C1S1Q3,strategic
B08FR57DS8,cardgame
B08FR57DS8,humor
B08FR57DS8,party
1524867608,board
1524867608,cardgame
1524867608,strategic
B09N8NZHLR,cardgame
B09N8NZHLR,humor
B09N8NZHLR,party
B0BVBVBMPL,board
B0BVBVBMPL,kid-friendly
B0BVBVBMPL,strategic
B003D7F4YY,board
B003D7F4YY,cardgame
B003D7F4YY,strategic
B0C87WK67Z,board
B0C87WK67Z,cardgame
B0C87WK67Z,strategic
B07TMNK32T,cardgame
B07TMNK32T,kid-friendly
B07TMNK32T,strategic
B0CT41NF3V,board
B0CT41NF3V,cardgame
B0CT41NF3V,horror
B0DD615TZK,board
B0DD615TZK,cardgame
B0DD615TZK,strategic
B0CYJ85VRH,board
B0CYJ85VRH,cardgame
B0CYJ85VRH,strategic
9189143248,board
9189143248,rpg
9189143248,strategic
918914340X,board
918914340X,cardgame
918914340X,strategic
9189765435,board
9189765435,cardgame
9189765435,strategic
9189765060,cardgame
9189765060,party
9189765060,strategic
B0BGMHFCZJ,cardgame
B0BGMHFCZJ,kid-friendly
B0BGMHFCZJ,strategic
1957311177,cardgame
1957311177,miniatures
1957311177,rpg
B0C9RQM7X1,board
B0C9RQM7X1,cardgame
B0C9RQM7X1,rpg
B0CKTMD1DY,cardgame
B0CKTMD1DY,miniatures
B0CKTMD1DY,sci-fi
1638841365,cardgame
1638841365,miniatures
1638841365,sci-fi
1638842108,cardgame
1638842108,miniatures
1638842108,sci-fi
B000063KC8,cardgame
B000063KC8,kid-friendly
B000063KC8,strategic
B007VQL6F4,board
B007VQL6F4,cardgame
B007VQL6F4,strategic
B0DSG1Y1JK,cardgame
B0DSG1Y1JK,miniatures
B0DSG1Y1JK,rpg
B0C83P82KW,cardgame
B0C83P82KW,kid-friendly
B0C83P82KW,strategic
B0CGY4YHFR,cardgame
B0CGY4YHFR,humor
B0CGY4YHFR,party
B0D6WZRFLK,board
B0D6WZRFLK,cardgame
B0D6WZRFLK,kid-friendly
B086Y9569P,board
B086Y9569P,kid-friendly
B086Y9569P,strategic
B00UB7OV7K,cardgame
B00UB7OV7K,dice
B00UB7OV7K,strategic
B00UB7OV7K,cardgame
B00UB7OV7K,dice
B00UB7OV7K,strategic
B0CMXN1SXH,cardgame
B0CMXN1SXH,party
B0CMXN1SXH,strategic
B07KWHQ7VZ,cardgame
B07KWHQ7VZ,humor
B07KWHQ7VZ,party
B0854G9JB5,cardgame
B0854G9JB5,humor
B0854G9JB5,party
B08QSMHD6L,cardgame
B08QSMHD6L,classic
B08QSMHD6L,party
B0CWRLGD9L,cardgame
B0CWRLGD9L,kid-friendly
B0CWRLGD9L,strategic
B08HJDML1G,cardgame
B08HJDML1G,party
B08HJDML1G,strategic
B07D6FBZTV,cardgame
B07D6FBZTV,humor
B07D6FBZTV,party
B0BX9RT1JR,board
B0BX9RT1JR,cardgame
B0BX9RT1JR,kid-friendly
B07S45ZS2W,cardgame
B07S45ZS2W,rpg
B07S45ZS2W,sci-fi
B0CSLVLQP7,board
B0CSLVLQP7,cardgame
B0CSLVLQP7,strategic
B076H6KJDD,contest
B076H6KJDD,kid-friendly
B076H6KJDD,strategic
B07S1PYYTV,cardgame
B07S1PYYTV,humor
B07S1PYYTV,party
B0CQR53FTD,cardgame
B0CQR53FTD,kid-friendly
B0CQR53FTD,strategic
B0DP5SBZ1V,board
B0DP5SBZ1V,cardgame
B0DP5SBZ1V,strategic
B0077Q0NP2,cardgame
B0077Q0NP2,humor
B0077Q0NP2,party
B00CK1EJG8,cardgame
B00CK1EJG8,party
B00CK1EJG8,strategic
B0CWJB3VM7,board
B0CWJB3VM7,cardgame
B0CWJB3VM7,strategic
B083B677V7,board
B083B677V7,rpg
B083B677V7,strategic
B00S732WJE,board
B00S732WJE,cardgame
B00S732WJE,strategic
B0CLB27S7K,cardgame
B0CLB27S7K,party
B0CLB27S7K,strategic
B08QPN6KGH,cardgame
B08QPN6KGH,kid-friendly
B08QPN6KGH,strategic
B0CZPNX6WH,cardgame
B0CZPNX6WH,humor
B0CZPNX6WH,strategic
B08TQ4QD9B,board
B08TQ4QD9B,cute
B08TQ4QD9B,kid-friendly
B0CS17HRMG,board
B0CS17HRMG,cardgame
B0CS17HRMG,kid-friendly
B08TPDFW51,board
B08TPDFW51,kid-friendly
B08TPDFW51,strategic
B08Q4J1XHZ,board
B08Q4J1XHZ,miniatures
B08Q4J1XHZ,rpg
B06Y1N3PTX,board
B06Y1N3PTX,kid-friendly
B06Y1N3PTX,strategic
B09JDMZ8X4,board
B09JDMZ8X4,kid-friendly
B09JDMZ8X4,strategic
B0D19HPGY5,creative
B0D19HPGY5,cute
B0D19HPGY5,kid-friendly
B0D19HPGY5,creative
B0D19HPGY5,cute
B0D19HPGY5,kid-friendly
B00SDJG51S,board
B00SDJG51S,creative
B00SDJG51S,kid-friendly
B00SDJG51S,board
B00SDJG51S,creative
B00SDJG51S,kid-friendly
B00000DMF5,board
B00000DMF5,cardgame
B00000DMF5,kid-friendly
B00000DMF6,board
B00000DMF6,kid-friendly
B00000DMF6,puzzle
B08TPSKX97,board
B08TPSKX97,kid-friendly
B08TPSKX97,rpg
B016LBWYTQ,board
B016LBWYTQ,kid-friendly
B016LBWYTQ,strategic
B0B5FLTTT5,board
B0B5FLTTT5,kid-friendly
B0B5FLTTT5,strategic
B09HX46VDG,board
B09HX46VDG,kid-friendly
B09HX46VDG,strategic
B09HWSVQG9,board
B09HWSVQG9,cardgame
B09HWSVQG9,kid-friendly
B07BMJPPXV,cardgame
B07BMJPPXV,kid-friendly
B07BMJPPXV,party
B07RTZBP93,board
B07RTZBP93,cardgame
B07RTZBP93,kid-friendly
B00D8STBHY,board
B00D8STBHY,classic
B00D8STBHY,kid-friendly
B08TPXXCPL,board
B08TPXXCPL,cardgame
B08TPXXCPL,kid-friendly
B09NRSY5YT,board
B09NRSY5YT,kid-friendly
B09NRSY5YT,strategic
B06XY881H4,cardgame
B06XY881H4,humor
B06XY881H4,party
B06XY881H4,board
B06XY881H4,cardgame
B06XY881H4,kid-friendly
B08TPM1TLR,board
B08TPM1TLR,cardgame
B08TPM1TLR,kid-friendly
B00NQQTZBA,cardgame
B00NQQTZBA,kid-friendly
B00NQQTZBA,strategic
B01MS6B7BV,board
B01MS6B7BV,cardgame
B01MS6B7BV,kid-friendly
B08TQ9X8YQ,board
B08TQ9X8YQ,cute
B08TQ9X8YQ,kid-friendly
B0B5FLMBQ3,board
B0B5FLMBQ3,cardgame
B0B5FLMBQ3,rpg
B0C3DS2S9H,board
B0C3DS2S9H,kid-friendly
B0C3DS2S9H,strategic
B0CS4V7R6B,board
B0CS4V7R6B,cardgame
B0CS4V7R6B,kid-friendly
B0BFG3GL1D,board
B0BFG3GL1D,kid-friendly
B0BFG3GL1D,strategic
B07MWJ699K,board
B07MWJ699K,cardgame
B07MWJ699K,kid-friendly
B01H0CZ7BW,board
B01H0CZ7BW,kid-friendly
B01H0CZ7BW,strategic
B08MVWB4SC,board
B08MVWB4SC,cardgame
B08MVWB4SC,kid-friendly
B00000IWGQ,board
B00000IWGQ,kid-friendly
B00000IWGQ,strategic
B08TQ26F1R,board
B08TQ26F1R,cute
B08TQ26F1R,kid-friendly
B000GBA60W,board
B000GBA60W,cardgame
B000GBA60W,kid-friendly
B09R41HWR6,board
B09R41HWR6,kid-friendly
B09R41HWR6,resource-management
B09NB1DPTC,board
B09NB1DPTC,cute
B09NB1DPTC,kid-friendly
B00000DMFD,board
B00000DMFD,kid-friendly
B00000DMFD,strategic
B01JF1VRL0,board
B01JF1VRL0,classic
B01JF1VRL0,kid-friendly
B00CXEXSUU,board
B00CXEXSUU,cardgame
B00CXEXSUU,kid-friendly
B08DG67ZPG,board
B08DG67ZPG,cardgame
B08DG67ZPG,kid-friendly
B07MMP11S1,board
B07MMP11S1,cardgame
B07MMP11S1,kid-friendly
B08DG4HW31,board
B08DG4HW31,kid-friendly
B08DG4HW31,strategic
B013TO5PDU,cardgame
B013TO5PDU,kid-friendly
B013TO5PDU,rpg
B01C3IMJNC,board
B01C3IMJNC,kid-friendly
B01C3IMJNC,puzzle
B0BDGSMM7Z,board
B0BDGSMM7Z,cardgame
B0BDGSMM7Z,strategic
B0BFG4JVC5,board
B0BFG4JVC5,cardgame
B0BFG4JVC5,party
B09D44JH4S,board
B09D44JH4S,kid-friendly
B09D44JH4S,puzzle
B00JMCJGZC,board
B00JMCJGZC,puzzle
B00JMCJGZC,strategic
B00IFWSO94,board
B00IFWSO94,kid-friendly
B00IFWSO94,puzzle
B00N4OP3OW,board
B00N4OP3OW,cardgame
B00N4OP3OW,kid-friendly
B0B3FXMB7Q,board
B0B3FXMB7Q,cardgame
B0B3FXMB7Q,kid-friendly
B06XYL6Y5C,cardgame
B06XYL6Y5C,kid-friendly
B06XYL6Y5C,party
B0C4CDZ818,board
B0C4CDZ818,cardgame
B0C4CDZ818,kid-friendly
B06XY48MK1,cardgame
B06XY48MK1,classic
B06XY48MK1,kid-friendly
B08CZXWKPX,board
B08CZXWKPX,cute
B08CZXWKPX,kid-friendly
B00D7OAOYI,board
B00D7OAOYI,classic
B00D7OAOYI,kid-friendly
B0BFG1SMWF,board
B0BFG1SMWF,cardgame
B0BFG1SMWF,kid-friendly
B01ALHAEWA,board
B01ALHAEWA,cardgame
B01ALHAEWA,kid-friendly
B0B5FLNCK9,board
B0B5FLNCK9,cardgame
B0B5FLNCK9,kid-friendly
B0BCH8ZXTJ,board
B0BCH8ZXTJ,cardgame
B0BCH8ZXTJ,kid-friendly
B008J87PVC,board
B008J87PVC,kid-friendly
B008J87PVC,party
B085JYYWJV,board
B085JYYWJV,cardgame
B085JYYWJV,strategic
B0CGC9RLXV,cardgame
B0CGC9RLXV,humor
B0CGC9RLXV,party
B084D2XQ9F,board
B084D2XQ9F,cardgame
B084D2XQ9F,strategic
B0C3DNT9W3,board
B0C3DNT9W3,cute
B0C3DNT9W3,kid-friendly
B01F46RPS4,board
B01F46RPS4,cardgame
B01F46RPS4,rpg
B01DCGBMPU,board
B01DCGBMPU,cardgame
B01DCGBMPU,strategic
B07QSCQMXV,cardgame
B07QSCQMXV,party
B07QSCQMXV,strategic
B0BWS9R9TZ,board
B0BWS9R9TZ,cardgame
B0BWS9R9TZ,strategic
B00000IVFX,board
B00000IVFX,cardgame
B00000IVFX,combinatorial
B00000IV4A,board
B00000IV4A,cardgame
B00000IV4A,strategic
B00ABA0ZOA,combinatorial
B00ABA0ZOA,kid-friendly
B00ABA0ZOA,puzzle
B00ABA0ZOA,combinatorial
B00ABA0ZOA,kid-friendly
B00ABA0ZOA,puzzle
B0D6WB39QC,board
B0D6WB39QC,cardgame
B0D6WB39QC,strategic
B097CBXLG1,cardgame
B097CBXLG1,party
B097CBXLG1,strategic
B0D56K11PK,cardgame
B0D56K11PK,humor
B0D56K11PK,party
B01819WCK2,board
B01819WCK2,cardgame
B01819WCK2,strategic
B008UEGQPG,board
B008UEGQPG,cardgame
B008UEGQPG,strategic
B0D6F8GQWK,cardgame
B0D6F8GQWK,kid-friendly
B0D6F8GQWK,strategic
B0BGWYZDB3,board
B0BGWYZDB3,cardgame
B0BGWYZDB3,strategic
B0D324CJ5J,board
B0D324CJ5J,cardgame
B0D324CJ5J,strategic
B09J7WZK55,board
B09J7WZK55,cardgame
B09J7WZK55,strategic
B0B5VXSQ1J,cardgame
B0B5VXSQ1J,kid-friendly
B0B5VXSQ1J,strategic
B0B5VXSQ1J,cardgame
B0B5VXSQ1J,kid-friendly
B0B5VXSQ1J,strategic
B0CTKR7JSK,cardgame
B0CTKR7JSK,kid-friendly
B0CTKR7JSK,strategic
B0D9KRWJWH,cardgame
B0D9KRWJWH,party
B0D9KRWJWH,strategic
B0CRYJW9Y8,board
B0CRYJW9Y8,cardgame
B0CRYJW9Y8,strategic
B07F454YF3,cardgame
B07F454YF3,party
B07F454YF3,strategic
B07F454YF3,cardgame
B07F454YF3,party
B07F454YF3,strategic
B0DBB782TS,cardgame
B0DBB782TS,kid-friendly
B0DBB782TS,strategic
B075B1XG1N,board
B075B1XG1N,cardgame
B075B1XG1N,rpg
B002SRSN70,cardgame
B002SRSN70,party
B002SRSN70,strategic
B00004YO0Y,contest
B00004YO0Y,dice
B00004YO0Y,kid-friendly
B0CNQ84PX4,cardgame
B0CNQ84PX4,humor
B0CNQ84PX4,party
B0DB2VDYWJ,cardgame
B0DB2VDYWJ,party
B0DB2VDYWJ,strategic
B0CDCF1G9N,board
B0CDCF1G9N,cardgame
B0CDCF1G9N,rpg
B07KLWPHFF,board
B07KLWPHFF,cardgame
B07KLWPHFF,strategic
B0CWVMNNFV,cardgame
B0CWVMNNFV,kid-friendly
B0CWVMNNFV,strategic
B0CTD1K8SF,cardgame
B0CTD1K8SF,humor
B0CTD1K8SF,party
B0DPKMJ99H,cardgame
B0DPKMJ99H,party
B0DPKMJ99H,strategic
B0BXBJ3R5R,cardgame
B0BXBJ3R5R,rpg
B0BXBJ3R5R,strategic
1988943175,board
1988943175,cardgame
1988943175,rpg
B09J1W44KN,cardgame
B09J1W44KN,humor
B09J1W44KN,party
B0CKX86HMS,board
B0CKX86HMS,cardgame
B0CKX86HMS,strategic
B0851WWMWV,cardgame
B0851WWMWV,miniatures
B0851WWMWV,rpg
B07G4LWMF3,board
B07G4LWMF3,kid-friendly
B07G4LWMF3,strategic
B0BZQ83KYR,board
B0BZQ83KYR,cardgame
B0BZQ83KYR,sci-fi
B0DDQF74H3,board
B0DDQF74H3,sci-fi
B0DDQF74H3,strategic
B0B1DMNRY3,party
B0B1DMNRY3,sci-fi
B0B1DMNRY3,strategic
B079TCL3J4,board
B079TCL3J4,kid-friendly
B079TCL3J4,strategic
B07Y94Y3JL,cardgame
B07Y94Y3JL,kid-friendly
B07Y94Y3JL,strategic
B001P06GXY,board
B001P06GXY,cardgame
B001P06GXY,strategic
B001P06GX4,board
B001P06GX4,kid-friendly
B001P06GX4,strategic
B001P06GX4,board
B001P06GX4,kid-friendly
B001P06GX4,strategic
B0CPKG6RK8,board
B0CPKG6RK8,cardgame
B0CPKG6RK8,kid-friendly
B07Y98T14Q,cardgame
B07Y98T14Q,kid-friendly
B07Y98T14Q,strategic
B07STLTFHG,cardgame
B07STLTFHG,kid-friendly
B07STLTFHG,strategic
B075YYPTSM,board
B075YYPTSM,cardgame
B075YYPTSM,strategic
B08GLK316Z,board
B08GLK316Z,cardgame
B08GLK316Z,kid-friendly
B07P6MZPK3,cardgame
B07P6MZPK3,kid-friendly
B07P6MZPK3,strategic
B07P6MZPK3,cardgame
B07P6MZPK3,kid-friendly
B07P6MZPK3,strategic
B00004TZY8,cardgame
B00004TZY8,kid-friendly
B00004TZY8,strategic
B0CBT2N7N1,cardgame
B0CBT2N7N1,kid-friendly
B0CBT2N7N1,strategic
B00006YYY5,board
B00006YYY5,cardgame
B00006YYY5,strategic
B0000205X3,cardgame
B0000205X3,kid-friendly
B0000205X3,strategic
B087YGCH31,cardgame
B087YGCH31,humor
B087YGCH31,party
B007EA4UBY,board
B007EA4UBY,contest
B007EA4UBY,kid-friendly
B0DFDJCRR5,board
B0DFDJCRR5,cardgame
B0DFDJCRR5,strategic
B005PGA518,cardgame
B005PGA518,party
B005PGA518,strategic
B0BNJ1LFPG,cardgame
B0BNJ1LFPG,kid-friendly
B0BNJ1LFPG,strategic
B009TNOF9G,board
B009TNOF9G,cardgame
B009TNOF9G,strategic
B08NYLGBTX,board
B08NYLGBTX,cardgame
B08NYLGBTX,strategic
B088B8MJLF,cardgame
B088B8MJLF,kid-friendly
B088B8MJLF,rpg
B089TS16WM,board
B089TS16WM,cardgame
B089TS16WM,strategic
B0C382GMPC,board
B0C382GMPC,cardgame
B0C382GMPC,strategic
B0CYC1SVGS,cardgame
B0CYC1SVGS,party
B0CYC1SVGS,strategic
B0BGM11ZT1,cardgame
B0BGM11ZT1,rpg
B0BGM11ZT1,strategic
B0B7CR2RJW,board
B0B7CR2RJW,cardgame
B0B7CR2RJW,rpg
1912743930,board
1912743930,cardgame
1912743930,rpg
180281180X,board
180281180X,cardgame
180281180X,miniatures
1802810676,board
1802810676,cardgame
1802810676,rpg
1802814213,board
1802814213,cardgame
1802814213,rpg
180281079X,board
180281079X,cardgame
180281079X,strategic
1802810552,board
1802810552,cardgame
1802810552,rpg
B0CZVPLJFY,board
B0CZVPLJFY,combinatorial
B0CZVPLJFY,kid-friendly
B0001VVQ3I,board
B0001VVQ3I,cardgame
B0001VVQ3I,kid-friendly
B0789Q79V7,board
B0789Q79V7,kid-friendly
B0789Q79V7,strategic
B0D2JK8QFL,board
B0D2JK8QFL,kid-friendly
B0D2JK8QFL,resource-management
B0DN37BBGD,board
B0DN37BBGD,kid-friendly
B0DN37BBGD,resource-management
B0B5HLZ8T4,board
B0B5HLZ8T4,kid-friendly
B0B5HLZ8T4,resource-management
B0CS7VH7HM,board
B0CS7VH7HM,kid-friendly
B0CS7VH7HM,resource-management
B0CS7D2L4X,board
B0CS7D2L4X,resource-management
B0CS7D2L4X,strategic
B06XYLL66Y,board
B06XYLL66Y,kid-friendly
B06XYLL66Y,resource-management
B09D44P9HK,board
B09D44P9HK,kid-friendly
B09D44P9HK,resource-management
B0DB6GQ3W2,board
B0DB6GQ3W2,kid-friendly
B0DB6GQ3W2,resource-management
B0C5S343NP,board
B0C5S343NP,resource-management
B0C5S343NP,strategic
B000ITBYU8,board
B000ITBYU8,kid-friendly
B000ITBYU8,resource-management
B0CST87Z4J,board
B0CST87Z4J,kid-friendly
B0CST87Z4J,resource-management
1950568555,board
1950568555,cardgame
1950568555,rpg
1950568539,board
1950568539,cardgame
1950568539,rpg
B0D324NSNH,cardgame
B0D324NSNH,cute
B0D324NSNH,kid-friendly
B010XBCPSK,board
B010XBCPSK,cardgame
B010XBCPSK,strategic
B004U7JJWE,board
B004U7JJWE,cardgame
B004U7JJWE,rpg
B0D7J4ZYGP,cardgame
B0D7J4ZYGP,kid-friendly
B0D7J4ZYGP,strategic
B013TJ5P80,board
B013TJ5P80,cardgame
B013TJ5P80,horror
B013TJ5P80,board
B013TJ5P80,cardgame
B013TJ5P80,horror
B0DG412Q4G,cardgame
B0DG412Q4G,expansion
B0DG412Q4G,miniatures
B07L7HYWRW,board
B07L7HYWRW,cardgame
B07L7HYWRW,horror
B07L7HYWRW,board
B07L7HYWRW,cardgame
B07L7HYWRW,horror
B00BSD50TE,board
B00BSD50TE,cardgame
B00BSD50TE,rpg
B07BSP1KLV,cardgame
B07BSP1KLV,kid-friendly
B07BSP1KLV,strategic
B0C3DP8RPZ,cardgame
B0C3DP8RPZ,humor
B0C3DP8RPZ,party
B07T4VLDW3,cardgame
B07T4VLDW3,kid-friendly
B07T4VLDW3,strategic
B0CYCQDSZW,board
B0CYCQDSZW,cardgame
B0CYCQDSZW,strategic
B0CRHY1B5T,board
B0CRHY1B5T,cardgame
B0CRHY1B5T,kid-friendly
B0BL21B88R,cardgame
B0BL21B88R,kid-friendly
B0BL21B88R,strategic
B01CPQD4YK,cardgame
B01CPQD4YK,party
B01CPQD4YK,strategic
B0D33TXFWZ,board
B0D33TXFWZ,kid-friendly
B0D33TXFWZ,strategic
B00000DMFM,board
B00000DMFM,kid-friendly
B00000DMFM,puzzle
B0CVTK74GC,board
B0CVTK74GC,cardgame
B0CVTK74GC,strategic
B0CTJ3KZ7Z,cardgame
B0CTJ3KZ7Z,party
B0CTJ3KZ7Z,strategic
B08KPRLNFY,cardgame
B08KPRLNFY,resource-management
B08KPRLNFY,strategic
1574572156,board
1574572156,cardgame
1574572156,strategic
B0CLMM7QSS,cardgame
B0CLMM7QSS,party
B0CLMM7QSS,strategic
B0CFMY3SW2,cardgame
B0CFMY3SW2,kid-friendly
B0CFMY3SW2,strategic
B07C4F3KLF,cardgame
B07C4F3KLF,kid-friendly
B07C4F3KLF,strategic
B00A2HD40E,board
B00A2HD40E,kid-friendly
B00A2HD40E,strategic
B00A2HD40E,board
B00A2HD40E,kid-friendly
B00A2HD40E,strategic
B00134MJWE,board
B00134MJWE,kid-friendly
B00134MJWE,strategic
B0CBSHXBQG,cardgame
B0CBSHXBQG,party
B0CBSHXBQG,strategic
B00005JG3Y,board
B00005JG3Y,kid-friendly
B00005JG3Y,strategic
B00RCCAPPE,board
B00RCCAPPE,cardgame
B00RCCAPPE,strategic
B06XG88N1R,cardgame
B06XG88N1R,party
B06XG88N1R,strategic
B07CXZ9FLQ,cardgame
B07CXZ9FLQ,kid-friendly
B07CXZ9FLQ,strategic
B0788XV9JM,board
B0788XV9JM,cardgame
B0788XV9JM,strategic
3969280494,board
3969280494,cardgame
3969280494,rpg
B0D4SR7JLM,board
B0D4SR7JLM,cardgame
B0D4SR7JLM,rpg
B07146ZQPP,cardgame
B07146ZQPP,kid-friendly
B07146ZQPP,party
B0CC4PCQ25,cardgame
B0CC4PCQ25,kid-friendly
B0CC4PCQ25,party
B0CLZV9D8R,board
B0CLZV9D8R,cardgame
B0CLZV9D8R,strategic
B0BTZT7GFM,board
B0BTZT7GFM,cardgame
B0BTZT7GFM,strategic
B00000IV35,cardgame
B00000IV35,combinatorial
B00000IV35,kid-friendly
B08VFGZRR6,cardgame
B08VFGZRR6,combinatorial
B08VFGZRR6,kid-friendly
B083S1R2Z1,cardgame
B083S1R2Z1,kid-friendly
B083S1R2Z1,strategic
B0BGYCYKH9,board
B0BGYCYKH9,cardgame
B0BGYCYKH9,strategic
B08SV26WYK,board
B08SV26WYK,kid-friendly
B08SV26WYK,strategic
B0DZ2PMC2Y,cardgame
B0DZ2PMC2Y,humor
B0DZ2PMC2Y,party
B09LJVS68N,cardgame
B09LJVS68N,humor
B09LJVS68N,party
B0DLVCQ66M,cardgame
B0DLVCQ66M,humor
B0DLVCQ66M,party
B095JB411N,cardgame
B095JB411N,party
B095JB411N,strategic
B00I4J63WI,cardgame
B00I4J63WI,kid-friendly
B00I4J63WI,strategic
B00GPK8ISK,board
B00GPK8ISK,kid-friendly
B00GPK8ISK,strategic
B00GPK8ISK,board
B00GPK8ISK,kid-friendly
B00GPK8ISK,strategic
B000MMVQ3Q,cardgame
B000MMVQ3Q,kid-friendly
B000MMVQ3Q,strategic
B001FA22DC,board
B001FA22DC,kid-friendly
B001FA22DC,strategic
B00000DMBF,board
B00000DMBF,kid-friendly
B00000DMBF,strategic
B00000IZJB,board
B00000IZJB,combinatorial
B00000IZJB,kid-friendly
B08XZX553N,cardgame
B08XZX553N,humor
B08XZX553N,party
B0DG55CQH4,board
B0DG55CQH4,cardgame
B0DG55CQH4,strategic
B0CGT8K6VS,cardgame
B0CGT8K6VS,humor
B0CGT8K6VS,party
B00J57138C,cardgame
B00J57138C,dice
B00J57138C,kid-friendly
B01C3IMN2E,cardgame
B01C3IMN2E,kid-friendly
B01C3IMN2E,strategic
B07HFHJPB9,cardgame
B07HFHJPB9,kid-friendly
B07HFHJPB9,strategic
B09F9XMRG5,cardgame
B09F9XMRG5,party
B09F9XMRG5,strategic
B0CB87T8NG,cardgame
B0CB87T8NG,humor
B0CB87T8NG,party
B0CZ12JTS7,cardgame
B0CZ12JTS7,kid-friendly
B0CZ12JTS7,strategic
B096DP8FNN,horror
B096DP8FNN,sci-fi
B096DP8FNN,strategic
B096DP8FNN,horror
B096DP8FNN,sci-fi
B096DP8FNN,strategic
B07DLGD9K6,board
B07DLGD9K6,kid-friendly
B07DLGD9K6,strategic
B0CHDNC8ZJ,board
B0CHDNC8ZJ,cardgame
B0CHDNC8ZJ,strategic
B07QQHTD4Q,board
B07QQHTD4Q,horror
B07QQHTD4Q,strategic
B0D3FBC2R2,cardgame
B0D3FBC2R2,kid-friendly
B0D3FBC2R2,strategic
B00000J0JF,adventure
B00000J0JF,board
B00000J0JF,strategic
B00000J0JF,adventure
B00000J0JF,board
B00000J0JF,strategic
B0C1C1STN1,board
B0C1C1STN1,cardgame
B0C1C1STN1,strategic
B0BPML8599,board
B0BPML8599,cardgame
B0BPML8599,strategic
B08C1QBGQJ,cardgame
B08C1QBGQJ,party
B08C1QBGQJ,strategic
B07JQ5W878,cardgame
B07JQ5W878,party
B07JQ5W878,strategic
B08C1L81MT,cardgame
B08C1L81MT,kid-friendly
B08C1L81MT,strategic
B08C1KG66H,cardgame
B08C1KG66H,kid-friendly
B08C1KG66H,strategic
B09RYSBS3F,board
B09RYSBS3F,cardgame
B09RYSBS3F,strategic
B0D71PG5VG,cardgame
B0D71PG5VG,rpg
B0D71PG5VG,sci-fi
B08GR8SMJR,board
B08GR8SMJR,cardgame
B08GR8SMJR,strategic
B0CS7SMQ7P,cardgame
B0CS7SMQ7P,miniatures
B0CS7SMQ7P,strategic
B0CM4X4R7N,board
B0CM4X4R7N,cardgame
B0CM4X4R7N,strategic
1957311053,board
1957311053,cardgame
1957311053,rpg
195731107X,board
195731107X,cardgame
195731107X,rpg
195731138X,board
195731138X,cardgame
195731138X,rpg
B0CMY2775T,cardgame
B0CMY2775T,miniatures
B0CMY2775T,strategic
1957311576,cardgame
1957311576,kid-friendly
1957311576,strategic
B0BHFCL4L6,board
B0BHFCL4L6,cardgame
B0BHFCL4L6,sci-fi
B07KBFFM1M,cardgame
B07KBFFM1M,humor
B07KBFFM1M,party
B00NQQTZ5G,board
B00NQQTZ5G,cardgame
B00NQQTZ5G,kid-friendly
B0BXRXQ1M4,cardgame
B0BXRXQ1M4,kid-friendly
B0BXRXQ1M4,strategic
B0BWFLXQX6,cardgame
B0BWFLXQX6,rpg
B0BWFLXQX6,strategic
B0BXZ8B8B8,board
B0BXZ8B8B8,kid-friendly
B0BXZ8B8B8,strategic
B07NHYYM1T,board
B07NHYYM1T,cardgame
B07NHYYM1T,strategic
B07Q2K1Y33,classic
B07Q2K1Y33,combinatorial
B07Q2K1Y33,strategic
B07HHJ6FNR,cardgame
B07HHJ6FNR,humor
B07HHJ6FNR,party
B0CJVN842B,board
B0CJVN842B,cardgame
B0CJVN842B,strategic
B01KXPYVLU,cardgame
B01KXPYVLU,miniatures
B01KXPYVLU,strategic
B01MTG2QY2,cardgame
B01MTG2QY2,kid-friendly
B01MTG2QY2,strategic
B0DWTZ1313,board
B0DWTZ1313,cardgame
B0DWTZ1313,strategic
B0CHD8RCSJ,cardgame
B0CHD8RCSJ,humor
B0CHD8RCSJ,party
B008TT45XC,board
B008TT45XC,cardgame
B008TT45XC,strategic
B01JKD4HYC,cardgame
B01JKD4HYC,sci-fi
B01JKD4HYC,strategic
B0DHWFLZGD,cardgame
B0DHWFLZGD,kid-friendly
B0DHWFLZGD,strategic
B0072ZN4EA,board
B0072ZN4EA,cardgame
B0072ZN4EA,strategic
B00000IVAK,board
B00000IVAK,cardgame
B00000IVAK,strategic
B08NLKHQ3Q,board
B08NLKHQ3Q,cardgame
B08NLKHQ3Q,strategic
B0CMH4D26L,cardgame
B0CMH4D26L,humor
B0CMH4D26L,party
B00000IV34,cardgame
B00000IV34,kid-friendly
B00000IV34,strategic
B01MV4R07B,cardgame
B01MV4R07B,kid-friendly
B01MV4R07B,strategic
B07JM57JV7,cardgame
B07JM57JV7,kid-friendly
B07JM57JV7,strategic
B0D7NQT1Z4,cardgame
B0D7NQT1Z4,humor
B0D7NQT1Z4,party
B09V4J3184,cardgame
B09V4J3184,humor
B09V4J3184,party
B0B5V11312,cardgame
B0B5V11312,humor
B0B5V11312,party
B0DK3Y28DR,cardgame
B0DK3Y28DR,party
B0DK3Y28DR,strategic
B09NYD15ZH,cardgame
B09NYD15ZH,party
B09NYD15ZH,strategic
B08R2BPLSN,board
B08R2BPLSN,cardgame
B08R2BPLSN,strategic
B084GWHLGK,cardgame
B084GWHLGK,miniatures
B084GWHLGK,strategic
B0009XBY3A,board
B0009XBY3A,cardgame
B0009XBY3A,kid-friendly
B007I75792,board
B007I75792,cardgame
B007I75792,strategic
B0BCHHDM3J,board
B0BCHHDM3J,cute
B0BCHHDM3J,kid-friendly
B0DL8QJ7F2,board
B0DL8QJ7F2,cardgame
B0DL8QJ7F2,rpg
B0DGY24BCG,cardgame
B0DGY24BCG,party
B0DGY24BCG,strategic
B076HK9H7Z,classic
B076HK9H7Z,kid-friendly
B076HK9H7Z,strategic
B0BF57RNPC,board
B0BF57RNPC,kid-friendly
B0BF57RNPC,strategic
B07J3PG964,cardgame
B07J3PG964,rpg
B07J3PG964,sci-fi
B0CCW2YJK7,board
B0CCW2YJK7,cardgame
B0CCW2YJK7,strategic
B0CSYNG61C,board
B0CSYNG61C,kid-friendly
B0CSYNG61C,strategic
B0BRT572WH,cardgame
B0BRT572WH,cute
B0BRT572WH,strategic
B0BRYH5FJ8,board
B0BRYH5FJ8,cardgame
B0BRYH5FJ8,cute
B0CSYGN445,board
B0CSYGN445,cardgame
B0CSYGN445,strategic
B0CTQBNSFK,board
B0CTQBNSFK,kid-friendly
B0CTQBNSFK,strategic
B08FCQT33W,board
B08FCQT33W,cardgame
B08FCQT33W,strategic
B0CSY92HXS,board
B0CSY92HXS,strategic
B0CSY92HXS,tile-placement
B0CSYSMWKW,board
B0CSYSMWKW,kid-friendly
B0CSYSMWKW,strategic
B00IZEUFIA,cardgame
B00IZEUFIA,resource-management
B00IZEUFIA,strategic
B003BLQG8K,cardgame
B003BLQG8K,kid-friendly
B003BLQG8K,strategic
B07NRHKD64,board
B07NRHKD64,cardgame
B07NRHKD64,strategic
B07NRHKD64,board
B07NRHKD64,cardgame
B07NRHKD64,strategic
B09W7Q66WK,board
B09W7Q66WK,kid-friendly
B09W7Q66WK,strategic
B017MLIGP0,board
B017MLIGP0,cardgame
B017MLIGP0,strategic
B0CS6R45P9,cardgame
B0CS6R45P9,humor
B0CS6R45P9,party
B0BXXHM217,cardgame
B0BXXHM217,humor
B0BXXHM217,party
B0B3BZ7B79,cardgame
B0B3BZ7B79,expansion
B0B3BZ7B79,miniatures
B0BRBLYHFX,cardgame
B0BRBLYHFX,humor
B0BRBLYHFX,party
B07JCB7DH1,cardgame
B07JCB7DH1,humor
B07JCB7DH1,party
1556347308,cardgame
1556347308,rpg
1556347308,strategic
B00HHJ4210,board
B00HHJ4210,cardgame
B00HHJ4210,strategic
B08XZNGH9Y,cardgame
B08XZNGH9Y,humor
B08XZNGH9Y,party
B08XZNGH9Y,cardgame
B08XZNGH9Y,humor
B08XZNGH9Y,party
B07YQ641NQ,cardgame
B07YQ641NQ,kid-friendly
B07YQ641NQ,strategic
B07YQ641NQ,cardgame
B07YQ641NQ,kid-friendly
B07YQ641NQ,strategic
B0CJXNW71N,cardgame
B0CJXNW71N,miniatures
B0CJXNW71N,strategic
B0CJXNW71N,cardgame
B0CJXNW71N,miniatures
B0CJXNW71N,strategic
B08DG593LQ,cardgame
B08DG593LQ,humor
B08DG593LQ,party
B004101FHM,cardgame
B004101FHM,humor
B004101FHM,party
B08H52FSBG,cardgame
B08H52FSBG,kid-friendly
B08H52FSBG,strategic
B00QPHUS54,board
B00QPHUS54,cardgame
B00QPHUS54,strategic
B007GC7AJ4,board
B007GC7AJ4,cardgame
B007GC7AJ4,strategic
B09WRQ9PCH,board
B09WRQ9PCH,expansion
B09WRQ9PCH,strategic
B09QMF7M56,cardgame
B09QMF7M56,cute
B09QMF7M56,kid-friendly
B0DB2NJ6CL,cardgame
B0DB2NJ6CL,kid-friendly
B0DB2NJ6CL,party
B0DPLDTWW5,cardgame
B0DPLDTWW5,party
B0DPLDTWW5,strategic
B0DSKYVKVS,cardgame
B0DSKYVKVS,humor
B0DSKYVKVS,party
B07N8FN8R1,board
B07N8FN8R1,kid-friendly
B07N8FN8R1,strategic
B077Z1R28P,cardgame
B077Z1R28P,kid-friendly
B077Z1R28P,party
B07JZTBV9C,cardgame
B07JZTBV9C,humor
B07JZTBV9C,party
3969280672,cardgame
3969280672,humor
3969280672,party
B0B14F2GS5,board
B0B14F2GS5,cardgame
B0B14F2GS5,kid-friendly
B00V42YPKO,cardgame
B00V42YPKO,party
B00V42YPKO,strategic
B001SN8GF4,cardgame
B001SN8GF4,kid-friendly
B001SN8GF4,party
B07B7TTRDF,cardgame
B07B7TTRDF,kid-friendly
B07B7TTRDF,strategic
B084GP7X3P,board
B084GP7X3P,cardgame
B084GP7X3P,kid-friendly
B0CRHZC52H,cardgame
B0CRHZC52H,kid-friendly
B0CRHZC52H,strategic
B0BGLWLWMR,cardgame
B0BGLWLWMR,humor
B0BGLWLWMR,party
B000M0P2RE,board
B000M0P2RE,cardgame
B000M0P2RE,strategic
B08TX1GGSH,adventure
B08TX1GGSH,cardgame
B08TX1GGSH,strategic
B07JCDHLMT,cardgame
B07JCDHLMT,party
B07JCDHLMT,strategic
B0BHTQ6NM7,adventure
B0BHTQ6NM7,board
B0BHTQ6NM7,rpg
B0BHTKGN7F,cardgame
B0BHTKGN7F,party
B0BHTKGN7F,strategic
B07NDKPSB4,cardgame
B07NDKPSB4,kid-friendly
B07NDKPSB4,strategic
B08BHHRSPK,board
B08BHHRSPK,classic
B08BHHRSPK,kid-friendly
B08BHHRSPK,board
B08BHHRSPK,classic
B08BHHRSPK,kid-friendly
B07KCDBJTX,cardgame
B07KCDBJTX,cute
B07KCDBJTX,strategic
B08T52BDFJ,board
B08T52BDFJ,cardgame
B08T52BDFJ,strategic
B0B7CKFK7R,adventure
B0B7CKFK7R,board
B0B7CKFK7R,strategic
B084JMSBJT,adventure
B084JMSBJT,cardgame
B084JMSBJT,expansion
B0DNNG7JCP,board
B0DNNG7JCP,cardgame
B0DNNG7JCP,strategic
B08ZSK752P,board
B08ZSK752P,cardgame
B08ZSK752P,strategic
9189765478,board
9189765478,cardgame
9189765478,strategic
B07DGYX438,cardgame
B07DGYX438,kid-friendly
B07DGYX438,strategic
B009SAAV0C,board
B009SAAV0C,cardgame
B009SAAV0C,strategic
B09KN2KQBF,cardgame
B09KN2KQBF,kid-friendly
B09KN2KQBF,strategic
B09BC8M226,board
B09BC8M226,cardgame
B09BC8M226,strategic
B09BYBFMYL,cardgame
B09BYBFMYL,kid-friendly
B09BYBFMYL,strategic
B06XTS4LJY,cardgame
B06XTS4LJY,party
B06XTS4LJY,strategic
B0CR4G7CPD,board
B0CR4G7CPD,cardgame
B0CR4G7CPD,strategic
1507220421,cardgame
1507220421,rpg
1507220421,strategic
1507221851,board
1507221851,cardgame
1507221851,strategic
1507210930,board
1507210930,cardgame
1507210930,strategic
B0CFWWHZW6,cardgame
B0CFWWHZW6,humor
B0CFWWHZW6,miniatures
B0BW9XHCMY,board
B0BW9XHCMY,cardgame
B0BW9XHCMY,rpg
B08P16S3ZM,cardgame
B08P16S3ZM,humor
B08P16S3ZM,party
B08V15HLRD,cardgame
B08V15HLRD,kid-friendly
B08V15HLRD,strategic
B00000DMER,board
B00000DMER,kid-friendly
B00000DMER,strategic
B00IUAAK2A,board
B00IUAAK2A,cardgame
B00IUAAK2A,strategic
B01DY818JG,board
B01DY818JG,cardgame
B01DY818JG,kid-friendly
B0B2JZHQ2P,cardgame
B0B2JZHQ2P,party
B0B2JZHQ2P,strategic
975277324,board
975277324,cardgame
975277324,strategic
B000809OAO,board
B000809OAO,kid-friendly
B000809OAO,strategic
B01MQ4IKQJ,board
B01MQ4IKQJ,cardgame
B01MQ4IKQJ,kid-friendly
B01MQ4IKQJ,board
B01MQ4IKQJ,cardgame
B01MQ4IKQJ,kid-friendly
B0D65J7MZ6,cardgame
B0D65J7MZ6,kid-friendly
B0D65J7MZ6,strategic
B0BT25WVLN,board
B0BT25WVLN,cardgame
B0BT25WVLN,kid-friendly
B0CJ5R18NH,cardgame
B0CJ5R18NH,humor
B0CJ5R18NH,party
B07XJLKTLS,board
B07XJLKTLS,cardgame
B07XJLKTLS,strategic
B09JJ7JZ9Y,board
B09JJ7JZ9Y,cardgame
B09JJ7JZ9Y,kid-friendly
B0DCTWXCY8,cardgame
B0DCTWXCY8,humor
B0DCTWXCY8,party
B0DG9TDLYL,cardgame
B0DG9TDLYL,party
B0DG9TDLYL,strategic
B0009AG8OI,board
B0009AG8OI,cardgame
B0009AG8OI,kid-friendly
B01N4MXCK4,board
B01N4MXCK4,cardgame
B01N4MXCK4,kid-friendly
B01N4MXCK4,board
B01N4MXCK4,cardgame
B01N4MXCK4,kid-friendly
B00EA1JCBI,board
B00EA1JCBI,cardgame
B00EA1JCBI,strategic
B0CFQFKN5L,board
B0CFQFKN5L,cardgame
B0CFQFKN5L,kid-friendly
B08CKD63KG,board
B08CKD63KG,cardgame
B08CKD63KG,strategic
B003TOKTEG,cardgame
B003TOKTEG,kid-friendly
B003TOKTEG,strategic
1952379520,board
1952379520,cardgame
1952379520,rpg
B074YPSTRP,board
B074YPSTRP,cardgame
B074YPSTRP,strategic
B0761Q5YXN,board
B0761Q5YXN,cardgame
B0761Q5YXN,strategic
B07H185K6H,cardgame
B07H185K6H,party
B07H185K6H,strategic
B096KW4QWX,board
B096KW4QWX,cardgame
B096KW4QWX,strategic
B07SRD8JJF,board
B07SRD8JJF,cardgame
B07SRD8JJF,kid-friendly
B000NP4832,cardgame
B000NP4832,kid-friendly
B000NP4832,strategic
B07BMLQBM1,board
B07BMLQBM1,cardgame
B07BMLQBM1,strategic
B094Q97LPR,cardgame
B094Q97LPR,kid-friendly
B094Q97LPR,strategic
B01EIKRP0K,board
B01EIKRP0K,cardgame
B01EIKRP0K,rpg
B09QRXD9H1,cardgame
B09QRXD9H1,kid-friendly
B09QRXD9H1,party
B0016PUOTA,cardgame
B0016PUOTA,party
B0016PUOTA,strategic
B0DD7B4TFP,cardgame
B0DD7B4TFP,humor
B0DD7B4TFP,party
B0CQD4ZZTZ,cardgame
B0CQD4ZZTZ,party
B0CQD4ZZTZ,sci-fi
B08HJYKS7D,board
B08HJYKS7D,cardgame
B08HJYKS7D,strategic
B0CTKS4JJM,cardgame
B0CTKS4JJM,kid-friendly
B0CTKS4JJM,strategic
B0CPMVDNWV,board
B0CPMVDNWV,kid-friendly
B0CPMVDNWV,strategic
B08SL8KFVJ,board
B08SL8KFVJ,cardgame
B08SL8KFVJ,strategic
078696555X,board
078696555X,cardgame
078696555X,rpg
786955708,board
786955708,cardgame
786955708,strategic
B007DW6F34,board
B007DW6F34,kid-friendly
B007DW6F34,strategic
B00GZ9LMG6,cardgame
B00GZ9LMG6,kid-friendly
B00GZ9LMG6,strategic
B0DF5BJMG5,board
B0DF5BJMG5,kid-friendly
B0DF5BJMG5,strategic
B08CK41CS7,board
B08CK41CS7,cardgame
B08CK41CS7,strategic
B0CK4XFJ82,cardgame
B0CK4XFJ82,humor
B0CK4XFJ82,party
B01CPTT716,board
B01CPTT716,kid-friendly
B01CPTT716,strategic
B01CPUSHSO,cardgame
B01CPUSHSO,humor
B01CPUSHSO,party
B0CFKLD4PV,board
B0CFKLD4PV,cardgame
B0CFKLD4PV,strategic
B00UPAYY5C,cardgame
B00UPAYY5C,kid-friendly
B00UPAYY5C,strategic
B0DG33P9C3,cardgame
B0DG33P9C3,humor
B0DG33P9C3,party
B09NP8KW81,board
B09NP8KW81,cardgame
B09NP8KW81,kid-friendly
B0BXZYYLST,cardgame
B0BXZYYLST,kid-friendly
B0BXZYYLST,strategic
